EPI_ISL_1015004	included
EPI_ISL_940375	included
EPI_ISL_649955	included
EPI_ISL_649956	included
EPI_ISL_940351	included
EPI_ISL_940272	included
EPI_ISL_779254	included
EPI_ISL_707781	included
EPI_ISL_700349	included
EPI_ISL_700348	included
EPI_ISL_649958	included
EPI_ISL_693390	included
EPI_ISL_693389	included
EPI_ISL_649959	included
EPI_ISL_683331	included
EPI_ISL_681263	included
EPI_ISL_681262	included
EPI_ISL_681261	included
EPI_ISL_940376	included
EPI_ISL_940377	included
EPI_ISL_649954	included
EPI_ISL_940380	included
EPI_ISL_1015217	included
EPI_ISL_1015216	included
EPI_ISL_1015215	included
EPI_ISL_1015214	included
EPI_ISL_644684	included
EPI_ISL_1015212	included
EPI_ISL_1015211	included
EPI_ISL_1015210	included
EPI_ISL_649960	included
EPI_ISL_644697	included
EPI_ISL_645216	included
EPI_ISL_940392	included
EPI_ISL_940390	included
EPI_ISL_649173	included
EPI_ISL_940388	included
EPI_ISL_940386	included
EPI_ISL_940385	included
EPI_ISL_940384	included
EPI_ISL_940397	included
EPI_ISL_666685	included
EPI_ISL_660710	included
EPI_ISL_663210	included
EPI_ISL_660345	included
EPI_ISL_660344	included
EPI_ISL_663249	included
EPI_ISL_663251	included
EPI_ISL_660338	included
EPI_ISL_666654	included
EPI_ISL_678494	included
EPI_ISL_678495	included
EPI_ISL_660346	included
EPI_ISL_645198	included
EPI_ISL_645191	included
EPI_ISL_508946	included
EPI_ISL_645188	included
EPI_ISL_645184	included
EPI_ISL_645178	included
EPI_ISL_645177	included
EPI_ISL_645176	included
EPI_ISL_700371	included
EPI_ISL_700350	included
EPI_ISL_1015218	included
EPI_ISL_660347	included
EPI_ISL_660349	included
EPI_ISL_663209	included
EPI_ISL_663208	included
EPI_ISL_663207	included
EPI_ISL_663206	included
EPI_ISL_660680	included
EPI_ISL_660711	included
EPI_ISL_660734	included
EPI_ISL_663227	included
EPI_ISL_660348	included
EPI_ISL_660675	included
EPI_ISL_660673	included
EPI_ISL_660373	included
EPI_ISL_663229	included
EPI_ISL_663230	included
EPI_ISL_663233	included
EPI_ISL_663234	included
EPI_ISL_663235	included
EPI_ISL_660353	included
EPI_ISL_663228	included
EPI_ISL_645174	included
EPI_ISL_1015219	included
EPI_ISL_1015222	included
EPI_ISL_420046	included
EPI_ISL_568921	included
EPI_ISL_420042	included
EPI_ISL_420041	included
EPI_ISL_420040	included
EPI_ISL_420039	included
EPI_ISL_420038	included
EPI_ISL_419168	included
EPI_ISL_416758	included
EPI_ISL_568956	included
EPI_ISL_416756	included
EPI_ISL_416752	included
EPI_ISL_416751	included
EPI_ISL_416749	included
EPI_ISL_416747	included
EPI_ISL_629082	included
EPI_ISL_629083	included
EPI_ISL_420047	included
EPI_ISL_420055	included
EPI_ISL_429968	included
EPI_ISL_437690	included
EPI_ISL_508945	included
EPI_ISL_508948	included
EPI_ISL_508943	included
EPI_ISL_508998	included
EPI_ISL_508940	included
EPI_ISL_508939	included
EPI_ISL_508910	included
EPI_ISL_508881	included
EPI_ISL_416513	included
EPI_ISL_568912	included
EPI_ISL_508878	included
EPI_ISL_508877	included
EPI_ISL_508876	included
EPI_ISL_508875	included
EPI_ISL_508874	included
EPI_ISL_508873	included
EPI_ISL_508872	included
EPI_ISL_568920	included
EPI_ISL_568914	included
EPI_ISL_416510	included
EPI_ISL_416509	included
EPI_ISL_416508	included
EPI_ISL_414629	included
EPI_ISL_414628	included
EPI_ISL_414627	included
EPI_ISL_414626	included
EPI_ISL_634821	included
EPI_ISL_414624	included
EPI_ISL_634822	included
EPI_ISL_644405	included
EPI_ISL_634820	included
EPI_ISL_644409	included
EPI_ISL_1296384	included
EPI_ISL_1296382	included
EPI_ISL_1063906	included
EPI_ISL_1015329	included
EPI_ISL_1015328	included
EPI_ISL_1015227	included
EPI_ISL_1015225	included
EPI_ISL_1015224	included
EPI_ISL_644682	included
EPI_ISL_1015221	included
EPI_ISL_414631	included
EPI_ISL_414633	included
EPI_ISL_629084	included
EPI_ISL_416506	included
EPI_ISL_416505	included
EPI_ISL_416504	included
EPI_ISL_629085	included
EPI_ISL_416502	included
EPI_ISL_416501	included
EPI_ISL_416500	included
EPI_ISL_634819	included
EPI_ISL_629086	included
EPI_ISL_415651	included
EPI_ISL_415650	included
EPI_ISL_415649	included
EPI_ISL_414638	included
EPI_ISL_414637	included
EPI_ISL_634817	included
EPI_ISL_414635	included
EPI_ISL_634818	included
EPI_ISL_415652	included
EPI_ISL_645169	included
EPI_ISL_645190	included
EPI_ISL_418233	included
EPI_ISL_418227	included
EPI_ISL_418226	included
EPI_ISL_418225	included
EPI_ISL_418224	included
EPI_ISL_418223	included
EPI_ISL_940532	included
EPI_ISL_940533	included
EPI_ISL_418220	included
EPI_ISL_418219	included
EPI_ISL_418218	included
EPI_ISL_417340	included
EPI_ISL_417339	included
EPI_ISL_417338	included
EPI_ISL_417337	included
EPI_ISL_417336	included
EPI_ISL_940531	included
EPI_ISL_940534	included
EPI_ISL_418229	included
EPI_ISL_418231	included
EPI_ISL_940436	included
EPI_ISL_940438	included
EPI_ISL_418417	included
EPI_ISL_418416	included
EPI_ISL_418414	included
EPI_ISL_418413	included
EPI_ISL_940441	included
EPI_ISL_418240	included
EPI_ISL_940446	included
EPI_ISL_418238	included
EPI_ISL_940529	included
EPI_ISL_418236	included
EPI_ISL_418234	included
EPI_ISL_644711	included
EPI_ISL_418232	included
EPI_ISL_418230	included
EPI_ISL_417334	included
EPI_ISL_940535	included
EPI_ISL_416754	included
EPI_ISL_1015051	included
EPI_ISL_1015049	included
EPI_ISL_1015048	included
EPI_ISL_1015047	included
EPI_ISL_1015046	included
EPI_ISL_1015044	included
EPI_ISL_1015043	included
EPI_ISL_1015042	included
EPI_ISL_1015038	included
EPI_ISL_1015037	included
EPI_ISL_1015036	included
EPI_ISL_1015035	included
EPI_ISL_1015034	included
EPI_ISL_1015018	included
EPI_ISL_1015011	included
EPI_ISL_1015053	included
EPI_ISL_1015054	included
EPI_ISL_1015056	included
EPI_ISL_1015062	included
EPI_ISL_416753	included
EPI_ISL_940538	included
EPI_ISL_416512	included
EPI_ISL_416511	included
EPI_ISL_416499	included
EPI_ISL_416498	included
EPI_ISL_416497	included
EPI_ISL_940434	included
EPI_ISL_416496	included
EPI_ISL_416494	included
EPI_ISL_416493	included
EPI_ISL_940550	included
EPI_ISL_1296406	included
EPI_ISL_1015067	included
EPI_ISL_1015065	included
EPI_ISL_1015063	included
EPI_ISL_416495	included
EPI_ISL_418422	included
EPI_ISL_508947	included
EPI_ISL_418424	included
EPI_ISL_569250	included
EPI_ISL_940408	included
EPI_ISL_418423	included
EPI_ISL_940412	included
EPI_ISL_569244	included
EPI_ISL_568986	included
EPI_ISL_568919	included
EPI_ISL_940413	included
EPI_ISL_568917	included
EPI_ISL_560623	included
EPI_ISL_560622	included
EPI_ISL_560621	included
EPI_ISL_560620	included
EPI_ISL_940414	included
EPI_ISL_525537	included
EPI_ISL_569251	included
EPI_ISL_569253	included
EPI_ISL_569254	included
EPI_ISL_940406	included
EPI_ISL_896179	included
EPI_ISL_641553	included
EPI_ISL_641551	included
EPI_ISL_641545	included
EPI_ISL_940400	included
EPI_ISL_641542	included
EPI_ISL_578177	included
EPI_ISL_525536	included
EPI_ISL_578176	included
EPI_ISL_569331	included
EPI_ISL_940401	included
EPI_ISL_940405	included
EPI_ISL_569328	included
EPI_ISL_569327	included
EPI_ISL_569326	included
EPI_ISL_569256	included
EPI_ISL_569338	included
EPI_ISL_940417	included
EPI_ISL_569248	included
EPI_ISL_428356	included
EPI_ISL_437689	included
EPI_ISL_443300	included
EPI_ISL_418427	included
EPI_ISL_940420	included
EPI_ISL_940430	included
EPI_ISL_428357	included
EPI_ISL_940429	included
EPI_ISL_418425	included
EPI_ISL_940426	included
EPI_ISL_940431	included
EPI_ISL_508933	included
EPI_ISL_508934	included
EPI_ISL_508935	included
EPI_ISL_508937	included
EPI_ISL_428355	included
EPI_ISL_508938	included
EPI_ISL_940432	included
EPI_ISL_1015052	included
EPI_ISL_1015006	included
EPI_ISL_1015024	included
EPI_ISL_1015023	included
EPI_ISL_1015031	included
EPI_ISL_1015060	included
EPI_ISL_645189	included
EPI_ISL_1015040	included
EPI_ISL_629081	included
EPI_ISL_418426	included
EPI_ISL_641552	included
EPI_ISL_641556	included
EPI_ISL_1015032	included
EPI_ISL_644700	included
EPI_ISL_418428	included
EPI_ISL_418235	included
EPI_ISL_644702	included
EPI_ISL_1015229	included
EPI_ISL_1015226	included
EPI_ISL_569247	included
EPI_ISL_660672	included
EPI_ISL_1015228	included
EPI_ISL_569243	included
EPI_ISL_1015327	included
EPI_ISL_569252	included
EPI_ISL_693388	included
EPI_ISL_644681	included
EPI_ISL_707782	included
EPI_ISL_1015220	included
EPI_ISL_1015055	included
EPI_ISL_469282	included
EPI_ISL_663252	included
EPI_ISL_569332	included
EPI_ISL_1015039	included
EPI_ISL_421501	included
EPI_ISL_418420	included
EPI_ISL_660713	included
EPI_ISL_1015045	included
EPI_ISL_940418	included
EPI_ISL_940416	included
EPI_ISL_1015057	included
EPI_ISL_1015058	included
EPI_ISL_1015223	included
EPI_ISL_1015059	included
EPI_ISL_1015061	included
EPI_ISL_1015064	included
EPI_ISL_1015066	included
EPI_ISL_416750	included
EPI_ISL_417333	included
EPI_ISL_418221	included
EPI_ISL_418222	included
EPI_ISL_418228	included
EPI_ISL_418237	included
EPI_ISL_418239	included
EPI_ISL_414636	included
EPI_ISL_418412	included
EPI_ISL_508879	included
EPI_ISL_418419	included
EPI_ISL_508880	included
EPI_ISL_418418	included
EPI_ISL_418421	included
EPI_ISL_421500	included
EPI_ISL_421502	included
EPI_ISL_421503	included
EPI_ISL_421504	included
EPI_ISL_421505	included
EPI_ISL_443313	included
EPI_ISL_508936	included
EPI_ISL_509003	included
EPI_ISL_525539	included
EPI_ISL_569249	included
EPI_ISL_569255	included
EPI_ISL_569329	included
EPI_ISL_569330	included
EPI_ISL_644701	included
EPI_ISL_644698	included
EPI_ISL_645197	included
EPI_ISL_660679	included
EPI_ISL_644686	included
EPI_ISL_644685	included
EPI_ISL_644683	included
EPI_ISL_660340	included
EPI_ISL_660354	included
EPI_ISL_660356	included
EPI_ISL_660357	included
EPI_ISL_660358	included
EPI_ISL_660676	included
EPI_ISL_660677	included
EPI_ISL_660678	included
EPI_ISL_666684	included
EPI_ISL_940373	included
EPI_ISL_940378	included
EPI_ISL_940389	included
EPI_ISL_940440	included
EPI_ISL_1015213	included
EPI_ISL_1296392	included
EPI_ISL_414625	included
EPI_ISL_414630	included
EPI_ISL_414632	included
EPI_ISL_414634	included
EPI_ISL_415654	included
EPI_ISL_416745	included
EPI_ISL_416746	included
EPI_ISL_416748	included
EPI_ISL_416757	included
EPI_ISL_420045	included
EPI_ISL_443266	included
EPI_ISL_508942	included
EPI_ISL_568922	included
EPI_ISL_634823	included
EPI_ISL_644410	included
EPI_ISL_644687	included
EPI_ISL_644699	included
EPI_ISL_645217	included
EPI_ISL_660712	included
EPI_ISL_660736	included
EPI_ISL_663250	included
EPI_ISL_666870	included
EPI_ISL_940410	included
EPI_ISL_940411	included
EPI_ISL_940415	included
EPI_ISL_940421	included
EPI_ISL_940439	included
EPI_ISL_940442	included
EPI_ISL_1015050	not_included_france
EPI_ISL_1015209	not_included_france
EPI_ISL_1301441	not_included_france
EPI_ISL_1359938	not_included_france
EPI_ISL_406596	not_included_france
EPI_ISL_406597	not_included_france
EPI_ISL_408430	not_included_france
EPI_ISL_408431	not_included_france
EPI_ISL_410486	not_included_france
EPI_ISL_410720	not_included_france
EPI_ISL_410984	not_included_france
EPI_ISL_411218	not_included_france
EPI_ISL_411219	not_included_france
EPI_ISL_411220	not_included_france
EPI_ISL_414600	not_included_france
EPI_ISL_414623	not_included_france
EPI_ISL_416503	not_included_france
EPI_ISL_416507	not_included_france
EPI_ISL_417335	not_included_france
EPI_ISL_508944	not_included_france
EPI_ISL_509004	not_included_france
EPI_ISL_568918	not_included_france
EPI_ISL_569246	not_included_france
EPI_ISL_641543	not_included_france
EPI_ISL_645175	not_included_france
EPI_ISL_649957	not_included_france
EPI_ISL_649961	not_included_france
EPI_ISL_660334	not_included_france
EPI_ISL_660335	not_included_france
EPI_ISL_660336	not_included_france
EPI_ISL_660337	not_included_france
EPI_ISL_660339	not_included_france
EPI_ISL_660355	not_included_france
EPI_ISL_660674	not_included_france
EPI_ISL_660733	not_included_france
EPI_ISL_663231	not_included_france
EPI_ISL_663232	not_included_france
EPI_ISL_666686	not_included_france
EPI_ISL_693387	not_included_france
EPI_ISL_693391	not_included_france
EPI_ISL_940374	not_included_france
EPI_ISL_940395	not_included_france
EPI_ISL_940399	not_included_france
EPI_ISL_940435	not_included_france
EPI_ISL_940542	not_included_france
EPI_ISL_940551	not_included_france
EPI_ISL_940552	not_included_france
EPI_ISL_413595	not_included_exog
EPI_ISL_418400	not_included_exog
EPI_ISL_419749	not_included_exog
EPI_ISL_429289	not_included_exog
EPI_ISL_437650	not_included_exog
EPI_ISL_444834	not_included_exog
EPI_ISL_454223	not_included_exog
EPI_ISL_604380	not_included_exog
EPI_ISL_962870	not_included_exog
EPI_ISL_413647	not_included_exog
EPI_ISL_419558	not_included_exog
EPI_ISL_455339	not_included_exog
EPI_ISL_463971	not_included_exog
EPI_ISL_476940	not_included_exog
EPI_ISL_604184	not_included_exog
EPI_ISL_636553	not_included_exog
EPI_ISL_413488	not_included_exog
EPI_ISL_417009	not_included_exog
EPI_ISL_429501	not_included_exog
EPI_ISL_437981	not_included_exog
EPI_ISL_535803	not_included_exog
EPI_ISL_631569	not_included_exog
EPI_ISL_819300	not_included_exog
EPI_ISL_1315626	not_included_exog
EPI_ISL_416372	not_included_exog
EPI_ISL_425769	not_included_exog
EPI_ISL_425784	not_included_exog
EPI_ISL_437917	not_included_exog
EPI_ISL_454458	not_included_exog
EPI_ISL_455931	not_included_exog
EPI_ISL_479906	not_included_exog
EPI_ISL_500053	not_included_exog
EPI_ISL_525206	not_included_exog
EPI_ISL_527955	not_included_exog
EPI_ISL_583875	not_included_exog
EPI_ISL_685988	not_included_exog
EPI_ISL_425823	not_included_exog
EPI_ISL_438015	not_included_exog
EPI_ISL_464357	not_included_exog
EPI_ISL_464377	not_included_exog
EPI_ISL_465045	not_included_exog
EPI_ISL_856890	not_included_exog
EPI_ISL_402125	not_included_exog
EPI_ISL_415475	not_included_exog
EPI_ISL_416735	not_included_exog
EPI_ISL_447918	not_included_exog
EPI_ISL_536441	not_included_exog
EPI_ISL_542251	not_included_exog
EPI_ISL_542252	not_included_exog
EPI_ISL_574792	not_included_exog
EPI_ISL_416460	not_included_exog
EPI_ISL_454752	not_included_exog
EPI_ISL_464238	not_included_exog
EPI_ISL_542109	not_included_exog
EPI_ISL_578195	not_included_exog
EPI_ISL_604856	not_included_exog
EPI_ISL_1064087	not_included_exog
EPI_ISL_418036	not_included_exog
EPI_ISL_418049	not_included_exog
EPI_ISL_632051	not_included_exog
EPI_ISL_419391	not_included_exog
EPI_ISL_464528	not_included_exog
EPI_ISL_480002	not_included_exog
EPI_ISL_489988	not_included_exog
EPI_ISL_735450	not_included_exog
EPI_ISL_493152	not_included_exog
EPI_ISL_419847	not_included_exog
EPI_ISL_429210	not_included_exog
EPI_ISL_437561	not_included_exog
EPI_ISL_451132	not_included_exog
EPI_ISL_571664	not_included_exog
EPI_ISL_571705	not_included_exog
EPI_ISL_571773	not_included_exog
EPI_ISL_602487	not_included_exog
EPI_ISL_603776	not_included_exog
EPI_ISL_604220	not_included_exog
EPI_ISL_604224	not_included_exog
EPI_ISL_604241	not_included_exog
EPI_ISL_604326	not_included_exog
EPI_ISL_535836	not_included_exog
EPI_ISL_572028	not_included_exog
EPI_ISL_572102	not_included_exog
EPI_ISL_572112	not_included_exog
EPI_ISL_604046	not_included_exog
EPI_ISL_604172	not_included_exog
EPI_ISL_604884	not_included_exog
EPI_ISL_467861	not_included_exog
EPI_ISL_499765	not_included_exog
EPI_ISL_513448	not_included_exog
EPI_ISL_604665	not_included_exog
EPI_ISL_631556	not_included_exog
EPI_ISL_604680	not_included_exog
EPI_ISL_776019	not_included_exog
EPI_ISL_855292	not_included_exog
EPI_ISL_1219697	not_included_exog
EPI_ISL_417410	not_included_exog
EPI_ISL_417435	not_included_exog
EPI_ISL_450050	not_included_exog
EPI_ISL_500631	not_included_exog
EPI_ISL_614624	not_included_exog
EPI_ISL_614627	not_included_exog
