EPI_ISL_1015004	included	2020-02-28
EPI_ISL_940375	included	2020-03-12
EPI_ISL_649955	included	2020-03-04
EPI_ISL_649956	included	2020-03-05
EPI_ISL_940351	included	2020-03-09
EPI_ISL_940272	included	2020-03-04
EPI_ISL_779254	included	2020-03-06
EPI_ISL_707781	included	2020-03-12
EPI_ISL_700349	included	2020-03-09
EPI_ISL_700348	included	2020-03-09
EPI_ISL_649958	included	2020-03-06
EPI_ISL_693390	included	2020-03-07
EPI_ISL_693389	included	2020-03-03
EPI_ISL_649959	included	2020-03-07
EPI_ISL_683331	included	2020-03-02
EPI_ISL_681263	included	2020-03-05
EPI_ISL_681262	included	2020-03-04
EPI_ISL_681261	included	2020-03-04
EPI_ISL_940376	included	2020-03-12
EPI_ISL_940377	included	2020-03-13
EPI_ISL_649954	included	2020-03-04
EPI_ISL_940380	included	2020-03-13
EPI_ISL_1015217	included	2020-03-09
EPI_ISL_1015216	included	2020-03-08
EPI_ISL_1015215	included	2020-03-08
EPI_ISL_1015214	included	2020-03-06
EPI_ISL_644684	included	2020-03-06
EPI_ISL_1015212	included	2020-03-01
EPI_ISL_1015211	included	2020-02-28
EPI_ISL_1015210	included	2020-02-28
EPI_ISL_649960	included	2020-03-07
EPI_ISL_644697	included	2020-03-10
EPI_ISL_645216	included	2020-03-04
EPI_ISL_940392	included	2020-03-13
EPI_ISL_940390	included	2020-03-13
EPI_ISL_649173	included	2020-03-11
EPI_ISL_940388	included	2020-03-13
EPI_ISL_940386	included	2020-03-13
EPI_ISL_940385	included	2020-03-13
EPI_ISL_940384	included	2020-03-13
EPI_ISL_940397	included	2020-03-13
EPI_ISL_666685	included	2020-03-16
EPI_ISL_660710	included	2020-03-02
EPI_ISL_663210	included	2020-03-06
EPI_ISL_660345	included	2020-03-07
EPI_ISL_660344	included	2020-03-08
EPI_ISL_663249	included	2020-03-07
EPI_ISL_663251	included	2020-03-16
EPI_ISL_660338	included	2020-03-15
EPI_ISL_666654	included	2020-03-16
EPI_ISL_678494	included	2020-03-15
EPI_ISL_678495	included	2020-03-16
EPI_ISL_660346	included	2020-03-07
EPI_ISL_645198	included	2020-03-16
EPI_ISL_645191	included	2020-03-17
EPI_ISL_508946	included	2020-03-12
EPI_ISL_645188	included	2020-03-11
EPI_ISL_645184	included	2020-03-08
EPI_ISL_645178	included	2020-03-09
EPI_ISL_645177	included	2020-03-03
EPI_ISL_645176	included	2020-03-09
EPI_ISL_700371	included	2020-03-16
EPI_ISL_700350	included	2020-03-10
EPI_ISL_1015218	included	2020-03-09
EPI_ISL_660347	included	2020-03-07
EPI_ISL_660349	included	2020-03-08
EPI_ISL_663209	included	2020-03-08
EPI_ISL_663208	included	2020-03-09
EPI_ISL_663207	included	2020-03-14
EPI_ISL_663206	included	2020-03-16
EPI_ISL_660680	included	2020-03-17
EPI_ISL_660711	included	2020-03-03
EPI_ISL_660734	included	2020-03-15
EPI_ISL_663227	included	2020-03-05
EPI_ISL_660348	included	2020-03-07
EPI_ISL_660675	included	2020-03-16
EPI_ISL_660673	included	2020-03-07
EPI_ISL_660373	included	2020-03-14
EPI_ISL_663229	included	2020-03-07
EPI_ISL_663230	included	2020-03-07
EPI_ISL_663233	included	2020-03-09
EPI_ISL_663234	included	2020-03-09
EPI_ISL_663235	included	2020-03-09
EPI_ISL_660353	included	2020-03-11
EPI_ISL_663228	included	2020-03-07
EPI_ISL_645174	included	2020-03-16
EPI_ISL_1015219	included	2020-03-09
EPI_ISL_1015222	included	2020-03-12
EPI_ISL_420046	included	2020-03-17
EPI_ISL_568921	included	2020-03-17
EPI_ISL_420042	included	2020-03-17
EPI_ISL_420041	included	2020-03-17
EPI_ISL_420040	included	2020-03-12
EPI_ISL_420039	included	2020-03-12
EPI_ISL_420038	included	2020-03-17
EPI_ISL_419168	included	2020-03-17
EPI_ISL_416758	included	2020-03-08
EPI_ISL_568956	included	2020-03-15
EPI_ISL_416756	included	2020-03-06
EPI_ISL_416752	included	2020-03-04
EPI_ISL_416751	included	2020-03-05
EPI_ISL_416749	included	2020-03-04
EPI_ISL_416747	included	2020-03-04
EPI_ISL_629082	included	2020-02-28
EPI_ISL_629083	included	2020-02-29
EPI_ISL_420047	included	2020-03-17
EPI_ISL_420055	included	2020-03-17
EPI_ISL_429968	included	2020-02-21
EPI_ISL_437690	included	2020-02-29
EPI_ISL_508945	included	2020-03-11
EPI_ISL_508948	included	2020-03-13
EPI_ISL_508943	included	2020-03-11
EPI_ISL_508998	included	2020-03-17
EPI_ISL_508940	included	2020-03-09
EPI_ISL_508939	included	2020-03-09
EPI_ISL_508910	included	2020-03-11
EPI_ISL_508881	included	2020-03-16
EPI_ISL_416513	included	2020-03-07
EPI_ISL_568912	included	2020-03-13
EPI_ISL_508878	included	2020-03-15
EPI_ISL_508877	included	2020-03-15
EPI_ISL_508876	included	2020-03-14
EPI_ISL_508875	included	2020-03-14
EPI_ISL_508874	included	2020-03-13
EPI_ISL_508873	included	2020-03-12
EPI_ISL_508872	included	2020-03-11
EPI_ISL_568920	included	2020-03-16
EPI_ISL_568914	included	2020-03-17
EPI_ISL_416510	included	2020-03-06
EPI_ISL_416509	included	2020-03-06
EPI_ISL_416508	included	2020-03-06
EPI_ISL_414629	included	2020-03-03
EPI_ISL_414628	included	2020-03-02
EPI_ISL_414627	included	2020-03-02
EPI_ISL_414626	included	2020-02-29
EPI_ISL_634821	included	2020-03-10
EPI_ISL_414624	included	2020-02-26
EPI_ISL_634822	included	2020-03-10
EPI_ISL_644405	included	2020-03-17
EPI_ISL_634820	included	2020-03-09
EPI_ISL_644409	included	2020-03-17
EPI_ISL_1296384	included	2020-03-10
EPI_ISL_1296382	included	2020-03-06
EPI_ISL_1063906	included	2020-03-09
EPI_ISL_1015329	included	2020-03-17
EPI_ISL_1015328	included	2020-03-16
EPI_ISL_1015227	included	2020-03-16
EPI_ISL_1015225	included	2020-03-15
EPI_ISL_1015224	included	2020-03-14
EPI_ISL_644682	included	2020-03-05
EPI_ISL_1015221	included	2020-03-11
EPI_ISL_414631	included	2020-03-04
EPI_ISL_414633	included	2020-03-04
EPI_ISL_629084	included	2020-02-19
EPI_ISL_416506	included	2020-03-03
EPI_ISL_416505	included	2020-03-02
EPI_ISL_416504	included	2020-03-02
EPI_ISL_629085	included	2020-02-29
EPI_ISL_416502	included	2020-02-26
EPI_ISL_416501	included	2020-03-10
EPI_ISL_416500	included	2020-03-11
EPI_ISL_634819	included	2020-03-10
EPI_ISL_629086	included	2020-03-03
EPI_ISL_415651	included	2020-03-05
EPI_ISL_415650	included	2020-03-02
EPI_ISL_415649	included	2020-03-05
EPI_ISL_414638	included	2020-03-04
EPI_ISL_414637	included	2020-03-04
EPI_ISL_634817	included	2020-03-09
EPI_ISL_414635	included	2020-03-04
EPI_ISL_634818	included	2020-03-09
EPI_ISL_415652	included	2020-03-05
EPI_ISL_645169	included	2020-03-05
EPI_ISL_645190	included	2020-03-15
EPI_ISL_418233	included	2020-03-15
EPI_ISL_418227	included	2020-03-12
EPI_ISL_418226	included	2020-03-09
EPI_ISL_418225	included	2020-03-08
EPI_ISL_418224	included	2020-03-08
EPI_ISL_418223	included	2020-03-05
EPI_ISL_940532	included	2020-03-01
EPI_ISL_940533	included	2020-02-26
EPI_ISL_418220	included	2020-02-28
EPI_ISL_418219	included	2020-02-26
EPI_ISL_418218	included	2020-02-21
EPI_ISL_417340	included	2020-03-07
EPI_ISL_417339	included	2020-03-08
EPI_ISL_417338	included	2020-03-07
EPI_ISL_417337	included	2020-03-07
EPI_ISL_417336	included	2020-03-06
EPI_ISL_940531	included	2020-02-28
EPI_ISL_940534	included	2020-02-27
EPI_ISL_418229	included	2020-03-12
EPI_ISL_418231	included	2020-03-15
EPI_ISL_940436	included	2020-03-17
EPI_ISL_940438	included	2020-03-17
EPI_ISL_418417	included	2020-03-16
EPI_ISL_418416	included	2020-03-16
EPI_ISL_418414	included	2020-03-15
EPI_ISL_418413	included	2020-03-15
EPI_ISL_940441	included	2020-03-17
EPI_ISL_418240	included	2020-03-16
EPI_ISL_940446	included	2020-03-17
EPI_ISL_418238	included	2020-03-16
EPI_ISL_940529	included	2020-03-04
EPI_ISL_418236	included	2020-03-16
EPI_ISL_418234	included	2020-03-14
EPI_ISL_644711	included	2020-03-10
EPI_ISL_418232	included	2020-03-15
EPI_ISL_418230	included	2020-03-13
EPI_ISL_417334	included	2020-03-04
EPI_ISL_940535	included	2020-02-28
EPI_ISL_416754	included	2020-03-06
EPI_ISL_1015051	included	2020-03-09
EPI_ISL_1015049	included	2020-03-08
EPI_ISL_1015048	included	2020-03-06
EPI_ISL_1015047	included	2020-03-01
EPI_ISL_1015046	included	2020-03-01
EPI_ISL_1015044	included	2020-02-28
EPI_ISL_1015043	included	2020-02-28
EPI_ISL_1015042	included	2020-02-20
EPI_ISL_1015038	included	2020-03-06
EPI_ISL_1015037	included	2020-03-17
EPI_ISL_1015036	included	2020-03-13
EPI_ISL_1015035	included	2020-03-07
EPI_ISL_1015034	included	2020-02-29
EPI_ISL_1015018	included	2020-03-17
EPI_ISL_1015011	included	2020-03-05
EPI_ISL_1015053	included	2020-03-11
EPI_ISL_1015054	included	2020-03-12
EPI_ISL_1015056	included	2020-03-15
EPI_ISL_1015062	included	2020-03-16
EPI_ISL_416753	included	2020-03-06
EPI_ISL_940538	included	2020-02-29
EPI_ISL_416512	included	2020-03-07
EPI_ISL_416511	included	2020-03-07
EPI_ISL_416499	included	2020-03-11
EPI_ISL_416498	included	2020-03-11
EPI_ISL_416497	included	2020-03-10
EPI_ISL_940434	included	2020-03-17
EPI_ISL_416496	included	2020-03-10
EPI_ISL_416494	included	2020-03-04
EPI_ISL_416493	included	2020-03-08
EPI_ISL_940550	included	2020-03-03
EPI_ISL_1296406	included	2020-03-03
EPI_ISL_1015067	included	2020-03-17
EPI_ISL_1015065	included	2020-03-17
EPI_ISL_1015063	included	2020-03-17
EPI_ISL_416495	included	2020-03-10
EPI_ISL_418422	included	2020-03-17
EPI_ISL_508947	included	2020-03-12
EPI_ISL_418424	included	2020-03-17
EPI_ISL_569250	included	2020-03-10
EPI_ISL_940408	included	2020-03-14
EPI_ISL_418423	included	2020-03-17
EPI_ISL_940412	included	2020-03-14
EPI_ISL_569244	included	2020-03-07
EPI_ISL_568986	included	2020-03-11
EPI_ISL_568919	included	2020-03-16
EPI_ISL_940413	included	2020-03-14
EPI_ISL_568917	included	2020-03-08
EPI_ISL_560623	included	2020-03-17
EPI_ISL_560622	included	2020-03-13
EPI_ISL_560621	included	2020-03-10
EPI_ISL_560620	included	2020-03-05
EPI_ISL_940414	included	2020-03-14
EPI_ISL_525537	included	2020-03-17
EPI_ISL_569251	included	2020-03-12
EPI_ISL_569253	included	2020-03-14
EPI_ISL_569254	included	2020-03-17
EPI_ISL_940406	included	2020-03-14
EPI_ISL_896179	included	2020-02-29
EPI_ISL_641553	included	2020-03-14
EPI_ISL_641551	included	2020-03-14
EPI_ISL_641545	included	2020-03-06
EPI_ISL_940400	included	2020-03-13
EPI_ISL_641542	included	2020-03-12
EPI_ISL_578177	included	2020-03-14
EPI_ISL_525536	included	2020-03-06
EPI_ISL_578176	included	2020-03-14
EPI_ISL_569331	included	2020-03-15
EPI_ISL_940401	included	2020-03-13
EPI_ISL_940405	included	2020-03-13
EPI_ISL_569328	included	2020-03-13
EPI_ISL_569327	included	2020-03-12
EPI_ISL_569326	included	2020-03-12
EPI_ISL_569256	included	2020-03-17
EPI_ISL_569338	included	2020-03-16
EPI_ISL_940417	included	2020-03-14
EPI_ISL_569248	included	2020-03-08
EPI_ISL_428356	included	2020-03-11
EPI_ISL_437689	included	2020-02-27
EPI_ISL_443300	included	2020-03-17
EPI_ISL_418427	included	2020-03-17
EPI_ISL_940420	included	2020-03-14
EPI_ISL_940430	included	2020-03-17
EPI_ISL_428357	included	2020-03-11
EPI_ISL_940429	included	2020-03-10
EPI_ISL_418425	included	2020-03-17
EPI_ISL_940426	included	2020-03-14
EPI_ISL_940431	included	2020-03-17
EPI_ISL_508933	included	2020-02-28
EPI_ISL_508934	included	2020-03-01
EPI_ISL_508935	included	2020-03-02
EPI_ISL_508937	included	2020-03-09
EPI_ISL_428355	included	2020-03-11
EPI_ISL_508938	included	2020-03-09
EPI_ISL_940432	included	2020-03-17
EPI_ISL_1015052	included	2020-03-11
EPI_ISL_1015006	included	2020-03-11
EPI_ISL_1015024	included	2020-03-17
EPI_ISL_1015023	included	2020-03-11
EPI_ISL_1015031	included	2020-03-16
EPI_ISL_1015060	included	2020-03-16
EPI_ISL_645189	included	2020-03-13
EPI_ISL_1015040	included	2020-03-15
EPI_ISL_629081	included	2020-02-28
EPI_ISL_418426	included	2020-03-17
EPI_ISL_641552	included	2020-03-14
EPI_ISL_641556	included	2020-03-03
EPI_ISL_1015032	included	2020-03-16
EPI_ISL_644700	included	2020-03-12
EPI_ISL_418428	included	2020-03-17
EPI_ISL_418235	included	2020-03-16
EPI_ISL_644702	included	2020-03-15
EPI_ISL_1015229	included	2020-03-17
EPI_ISL_1015226	included	2020-03-16
EPI_ISL_569247	included	2020-03-08
EPI_ISL_660672	included	2020-03-03
EPI_ISL_1015228	included	2020-03-17
EPI_ISL_569243	included	2020-03-06
EPI_ISL_1015327	included	2020-03-16
EPI_ISL_569252	included	2020-03-14
EPI_ISL_693388	included	2020-02-29
EPI_ISL_644681	included	2020-02-26
EPI_ISL_707782	included	2020-03-17
EPI_ISL_1015220	included	2020-03-10
EPI_ISL_1015055	included	2020-03-14
EPI_ISL_469282	included	2020-03-11
EPI_ISL_663252	included	2020-03-17
EPI_ISL_569332	included	2020-03-15
EPI_ISL_1015039	included	2020-03-15
EPI_ISL_421501	included	2020-03-12
EPI_ISL_418420	included	2020-03-17
EPI_ISL_660713	included	2020-03-17
EPI_ISL_1015045	included	2020-02-29
EPI_ISL_940418	included	2020-03-14
EPI_ISL_940416	included	2020-03-14
EPI_ISL_1015057	included	2020-03-15
EPI_ISL_1015058	included	2020-03-16
EPI_ISL_1015223	included	2020-03-12
EPI_ISL_1015059	included	2020-03-16
EPI_ISL_1015061	included	2020-03-16
EPI_ISL_1015064	included	2020-03-17
EPI_ISL_1015066	included	2020-03-17
EPI_ISL_416750	included	2020-03-06
EPI_ISL_417333	included	2020-03-04
EPI_ISL_418221	included	2020-03-02
EPI_ISL_418222	included	2020-03-04
EPI_ISL_418228	included	2020-03-12
EPI_ISL_418237	included	2020-03-16
EPI_ISL_418239	included	2020-03-16
EPI_ISL_414636	included	2020-03-04
EPI_ISL_418412	included	2020-03-15
EPI_ISL_508879	included	2020-03-16
EPI_ISL_418419	included	2020-03-16
EPI_ISL_508880	included	2020-03-16
EPI_ISL_418418	included	2020-03-16
EPI_ISL_418421	included	2020-03-17
EPI_ISL_421500	included	2020-03-11
EPI_ISL_421502	included	2020-03-12
EPI_ISL_421503	included	2020-03-12
EPI_ISL_421504	included	2020-03-14
EPI_ISL_421505	included	2020-03-15
EPI_ISL_443313	included	2020-03-05
EPI_ISL_508936	included	2020-03-04
EPI_ISL_509003	included	2020-03-16
EPI_ISL_525539	included	2020-03-16
EPI_ISL_569249	included	2020-03-11
EPI_ISL_569255	included	2020-03-17
EPI_ISL_569329	included	2020-03-13
EPI_ISL_569330	included	2020-03-14
EPI_ISL_644701	included	2020-03-13
EPI_ISL_644698	included	2020-03-11
EPI_ISL_645197	included	2020-03-16
EPI_ISL_660679	included	2020-03-17
EPI_ISL_644686	included	2020-03-11
EPI_ISL_644685	included	2020-03-10
EPI_ISL_644683	included	2020-03-06
EPI_ISL_660340	included	2020-03-15
EPI_ISL_660354	included	2020-03-14
EPI_ISL_660356	included	2020-03-16
EPI_ISL_660357	included	2020-03-17
EPI_ISL_660358	included	2020-03-17
EPI_ISL_660676	included	2020-03-17
EPI_ISL_660677	included	2020-03-17
EPI_ISL_660678	included	2020-03-17
EPI_ISL_666684	included	2020-03-16
EPI_ISL_940373	included	2020-03-12
EPI_ISL_940378	included	2020-03-12
EPI_ISL_940389	included	2020-03-13
EPI_ISL_940440	included	2020-03-17
EPI_ISL_1015213	included	2020-03-05
EPI_ISL_1296392	included	2020-03-16
EPI_ISL_414625	included	2020-02-26
EPI_ISL_414630	included	2020-03-03
EPI_ISL_414632	included	2020-03-04
EPI_ISL_414634	included	2020-03-04
EPI_ISL_415654	included	2020-03-09
EPI_ISL_416745	included	2020-03-10
EPI_ISL_416746	included	2020-03-03
EPI_ISL_416748	included	2020-03-04
EPI_ISL_416757	included	2020-03-07
EPI_ISL_420045	included	2020-03-17
EPI_ISL_443266	included	2020-03-16
EPI_ISL_508942	included	2020-03-10
EPI_ISL_568922	included	2020-03-16
EPI_ISL_634823	included	2020-03-10
EPI_ISL_644410	included	2020-03-16
EPI_ISL_644687	included	2020-03-17
EPI_ISL_644699	included	2020-03-11
EPI_ISL_645217	included	2020-03-12
EPI_ISL_660712	included	2020-03-10
EPI_ISL_660736	included	2020-03-17
EPI_ISL_663250	included	2020-03-14
EPI_ISL_666870	included	2020-03-03
EPI_ISL_940410	included	2020-03-14
EPI_ISL_940411	included	2020-03-14
EPI_ISL_940415	included	2020-03-14
EPI_ISL_940421	included	2020-03-14
EPI_ISL_940439	included	2020-03-17
EPI_ISL_940442	included	2020-03-17
EPI_ISL_1015050	not_included_france	
EPI_ISL_1015209	not_included_france	
EPI_ISL_1301441	not_included_france	
EPI_ISL_1359938	not_included_france	
EPI_ISL_406596	not_included_france	
EPI_ISL_406597	not_included_france	
EPI_ISL_408430	not_included_france	
EPI_ISL_408431	not_included_france	
EPI_ISL_410486	not_included_france	
EPI_ISL_410720	not_included_france	
EPI_ISL_410984	not_included_france	
EPI_ISL_411218	not_included_france	
EPI_ISL_411219	not_included_france	
EPI_ISL_411220	not_included_france	
EPI_ISL_414600	not_included_france	
EPI_ISL_414623	not_included_france	
EPI_ISL_416503	not_included_france	
EPI_ISL_416507	not_included_france	
EPI_ISL_417335	not_included_france	
EPI_ISL_508944	not_included_france	
EPI_ISL_509004	not_included_france	
EPI_ISL_568918	not_included_france	
EPI_ISL_569246	not_included_france	
EPI_ISL_641543	not_included_france	
EPI_ISL_645175	not_included_france	
EPI_ISL_649957	not_included_france	
EPI_ISL_649961	not_included_france	
EPI_ISL_660334	not_included_france	
EPI_ISL_660335	not_included_france	
EPI_ISL_660336	not_included_france	
EPI_ISL_660337	not_included_france	
EPI_ISL_660339	not_included_france	
EPI_ISL_660355	not_included_france	
EPI_ISL_660674	not_included_france	
EPI_ISL_660733	not_included_france	
EPI_ISL_663231	not_included_france	
EPI_ISL_663232	not_included_france	
EPI_ISL_666686	not_included_france	
EPI_ISL_693387	not_included_france	
EPI_ISL_693391	not_included_france	
EPI_ISL_940374	not_included_france	
EPI_ISL_940395	not_included_france	
EPI_ISL_940399	not_included_france	
EPI_ISL_940435	not_included_france	
EPI_ISL_940542	not_included_france	
EPI_ISL_940551	not_included_france	
EPI_ISL_940552	not_included_france	
EPI_ISL_413595	not_included_exog	
EPI_ISL_418400	not_included_exog	
EPI_ISL_419749	not_included_exog	
EPI_ISL_429289	not_included_exog	
EPI_ISL_437650	not_included_exog	
EPI_ISL_444834	not_included_exog	
EPI_ISL_454223	not_included_exog	
EPI_ISL_604380	not_included_exog	
EPI_ISL_962870	not_included_exog	
EPI_ISL_413647	not_included_exog	
EPI_ISL_419558	not_included_exog	
EPI_ISL_455339	not_included_exog	
EPI_ISL_463971	not_included_exog	
EPI_ISL_476940	not_included_exog	
EPI_ISL_604184	not_included_exog	
EPI_ISL_636553	not_included_exog	
EPI_ISL_413488	not_included_exog	
EPI_ISL_417009	not_included_exog	
EPI_ISL_429501	not_included_exog	
EPI_ISL_437981	not_included_exog	
EPI_ISL_535803	not_included_exog	
EPI_ISL_631569	not_included_exog	
EPI_ISL_819300	not_included_exog	
EPI_ISL_1315626	not_included_exog	
EPI_ISL_416372	not_included_exog	
EPI_ISL_425769	not_included_exog	
EPI_ISL_425784	not_included_exog	
EPI_ISL_437917	not_included_exog	
EPI_ISL_454458	not_included_exog	
EPI_ISL_455931	not_included_exog	
EPI_ISL_479906	not_included_exog	
EPI_ISL_500053	not_included_exog	
EPI_ISL_525206	not_included_exog	
EPI_ISL_527955	not_included_exog	
EPI_ISL_583875	not_included_exog	
EPI_ISL_685988	not_included_exog	
EPI_ISL_425823	not_included_exog	
EPI_ISL_438015	not_included_exog	
EPI_ISL_464357	not_included_exog	
EPI_ISL_464377	not_included_exog	
EPI_ISL_465045	not_included_exog	
EPI_ISL_856890	not_included_exog	
EPI_ISL_402125	not_included_exog	
EPI_ISL_415475	not_included_exog	
EPI_ISL_416735	not_included_exog	
EPI_ISL_447918	not_included_exog	
EPI_ISL_536441	not_included_exog	
EPI_ISL_542251	not_included_exog	
EPI_ISL_542252	not_included_exog	
EPI_ISL_574792	not_included_exog	
EPI_ISL_416460	not_included_exog	
EPI_ISL_454752	not_included_exog	
EPI_ISL_464238	not_included_exog	
EPI_ISL_542109	not_included_exog	
EPI_ISL_578195	not_included_exog	
EPI_ISL_604856	not_included_exog	
EPI_ISL_1064087	not_included_exog	
EPI_ISL_418036	not_included_exog	
EPI_ISL_418049	not_included_exog	
EPI_ISL_632051	not_included_exog	
EPI_ISL_419391	not_included_exog	
EPI_ISL_464528	not_included_exog	
EPI_ISL_480002	not_included_exog	
EPI_ISL_489988	not_included_exog	
EPI_ISL_735450	not_included_exog	
EPI_ISL_493152	not_included_exog	
EPI_ISL_419847	not_included_exog	
EPI_ISL_429210	not_included_exog	
EPI_ISL_437561	not_included_exog	
EPI_ISL_451132	not_included_exog	
EPI_ISL_571664	not_included_exog	
EPI_ISL_571705	not_included_exog	
EPI_ISL_571773	not_included_exog	
EPI_ISL_602487	not_included_exog	
EPI_ISL_603776	not_included_exog	
EPI_ISL_604220	not_included_exog	
EPI_ISL_604224	not_included_exog	
EPI_ISL_604241	not_included_exog	
EPI_ISL_604326	not_included_exog	
EPI_ISL_535836	not_included_exog	
EPI_ISL_572028	not_included_exog	
EPI_ISL_572102	not_included_exog	
EPI_ISL_572112	not_included_exog	
EPI_ISL_604046	not_included_exog	
EPI_ISL_604172	not_included_exog	
EPI_ISL_604884	not_included_exog	
EPI_ISL_467861	not_included_exog	
EPI_ISL_499765	not_included_exog	
EPI_ISL_513448	not_included_exog	
EPI_ISL_604665	not_included_exog	
EPI_ISL_631556	not_included_exog	
EPI_ISL_604680	not_included_exog	
EPI_ISL_776019	not_included_exog	
EPI_ISL_855292	not_included_exog	
EPI_ISL_1219697	not_included_exog	
EPI_ISL_417410	not_included_exog	
EPI_ISL_417435	not_included_exog	
EPI_ISL_450050	not_included_exog	
EPI_ISL_500631	not_included_exog	
EPI_ISL_614624	not_included_exog	
EPI_ISL_614627	not_included_exog	
